No	unit	文番号	英文	日訳	キー文法1	キー文法2	キー文法3	備考
1	1	1-H-1	What do you see in the pictures?	あなたはこの写真の中に何が見えますか？	疑問詞(What)	doの疑問文		
1	1	1-1-1	Today, I want to tell you about my country, the Republic of South Africa.	今日、私は私の国、南アフリカ共和国についてあなたにお話したいと思います。	want to do	tell A about B		
2	1	1-1-2	It's here, at the southern tip of the African continent.	それはここ、アフリカ大陸の南の端にあります。	be動詞(is)	at (場所)		
3	1	1-1-3	"We are called the ""Rainbow Nation"" because of our cultural diversity."	私たちは文化の多様性のために「虹の国」と呼ばれています。	受動態	call A B (の受動態)	because of	
4	1	1-1-4	English is spoken as an official language, but we have ten other official languages.	英語は公用語として話されていますが、私たちには他に10の公用語があります。	受動態	as (資格)		
5	1	1-1-5	We have many national parks with diverse wildlife.	私たちには多様な野生生物がいる国立公園がたくさんあります。	many			
6	1	1-1-6	Now, I want to introduce Ms. Ota Yuka to you.	さて、私はあなたにオオタ・ユカさんを紹介したいと思います。	want to do	introduce A to B		
7	1	1-1-7	She is a safari guide in Greater Kruger.	彼女はグレーター・クルーガーでサファリガイドをしています。	be動詞(is)			
8	1	1-1-8	Today, she will guide us through the safari in real time on the internet.	今日、彼女がインターネットのリアルタイムで私たちをサファリへと案内してくれます。	will	guide A through B		
9	1	1-1-9	Here's Ms. Ota.	オオタさんです。	Here is ~			
1	1	1-2-1	Ms. Ota: Hello!	オオタさん：こんにちは！	(挨拶)			
2	1	1-2-2	Welcome to our amazing virtual safari tour.	私たちのアメージングなバーチャルサファリツアーへようこそ。	Welcome to ~			
3	1	1-2-3	First, let me show you something interesting.	まず、何か面白いものをお見せしますね。	let O do	something + 形容詞		
4	1	1-2-4	What's this?	これは何ですか？	疑問詞(What)			
5	1	1-2-5	Can you guess?	推測できますか？	can			
6	1	1-2-6	Tina: It's big!	それは大きい。	be動詞(is)			
7	1	1-2-7	Is it an elephant's footprint?	それは象の足跡ですか？	be動詞の疑問文			
8	1	1-2-8	Yes, this footprint will help us find the elephant.	はい、この足跡が象を見つけるのを助けてくれるでしょう。	will	help O do		
9	1	1-2-9	It may be near here.	それはこの近くにいるかもしれません。	may			
10	1	1-2-10	Let's go and look.	行って見てみましょう。	Let's do			
11	1	1-2-11	Later:	その後：	(場面転換)			
12	1	1-2-12	Look over there.	あそこを見て。	命令文			
13	1	1-2-13	Elephants!	象だ！	(名詞の感嘆)			
14	1	1-2-14	Yeah, what are they doing?	ええ、彼らは何をしているのですか？	現在進行形	疑問詞(What)		
15	1	1-2-15	Well, they're bathing in water to keep cool.	ええと、彼らは涼しく保つために水浴びをしています。	現在進行形	to不定詞(副詞的用法)		
16	1	1-2-16	They also bathe in mud.	彼らは泥の中でも水浴びをします。	also			
17	1	1-2-17	They like to keep themselves clean and healthy by bathing.	彼らは水浴びをすることで自分たちを清潔で健康に保つのが好きです。	like to do	keep O C	by -ing	
18	1	1-2-18	I didn't know that.	それは知りませんでした。	did not (didn't)			
1	1	1-3-1	Hajin: Ms. Thusi told us that you also do conservation.	ハジン：トゥシさんが、あなたも保護活動をしていると私たちに教えてくれました。	tell O that S V	do (動詞の強調)		
2	1	1-3-2	Ms. Ota: Yes.	オオタさん：はい。	(応答)			
3	1	1-3-3	That's my other job.	それが私のもう一つの仕事です。	be動詞(is)			
4	1	1-3-4	I monitor animals' lives, and I protect them.	私は動物たちの生活を観察し、そして彼らを守っています。	and			
5	1	1-3-5	Illegal hunters kill the rhinos for their horns.	違法なハンターたちが角のためにサイを殺します。	for (目的)			
6	1	1-3-6	Eri: That's terrible.	エリ：それはひどいですね。	be動詞(is)			
7	1	1-3-7	We cut off their horns safely so that illegal hunters won't kill them.	私たちは、違法なハンターたちが彼らを殺さないように、安全に角を切り落とします。	so that S will/can/may V	won't (will not)		
8	1	1-3-8	Kota: What's your message for us in Japan?	コウタ：日本の私たちへのメッセージは何ですか？	疑問詞(What)			
9	1	1-3-9	Ms. Ota: In the savanna, there is an ecosystem.	オオタさん：サバンナには、生態系があります。	There is ~			
10	1	1-3-10	All living things are connected in a circle of life.	すべての生き物は、生命の環の中（で）つながっています。	受動態	All ~		
11	1	1-3-11	Each one depends on another to live.	それぞれが、生きるために他のものに依存しています。	Each	depend on ~	to不定詞(副詞的用法)	
12	1	1-3-12	Humans should respect this.	人間はこれを尊重すべきです。	should			
1	1	1-G-1	Wild Giant Panda Populations	野生ジャイアントパンダの個体数	(見出し)			
2	1	1-G-2	Giant Pandas No Longer Endangered	ジャイアントパンダはもはや絶滅危惧種ではない	(見出し)			
3	1	1-G-3	Great news!	素晴らしいニュースです！	(感嘆)			
4	1	1-G-4	Giant pandas were removed from the endangered species list in China in 2021.	ジャイアントパンダは2021年に中国の絶滅危惧種リストから外されました。	受動態	remove from ~		
5	1	1-G-5	In the 1980s, because of hunting and destruction of bamboo forests, giant pandas became endangered.	1980年代、狩猟と竹林の破壊のために、ジャイアントパンダは絶滅の危機に瀕しました。	because of	become C		
6	1	1-G-6	People found that the situation was serious and started working hard to protect and breed pandas.	人々は状況が深刻であると気づき、パンダを保護し繁殖させるために熱心に取り組み始めました。	find that S V	start -ing	to不定詞(副詞的用法)	
7	1	1-G-7	Thanks to their efforts, today it is said that more than 1,850 pandas remain in the wild in China.	彼らの努力のおかげで、今日、1,850頭以上のパンダが中国の野生に残っていると言われています。	it is said that ~	more than ~		
8	1	1-G-8	However, the panda's future is not yet secure.	しかしながら、パンダの未来はまだ安全ではありません。	not yet			
9	1	1-G-9	So, many people in China are still working hard.	そのため、中国の多くの人々が今も熱心に取り組んでいます。	so			
10	1	1-G-10	"These days, smart technology like the “Digital Panda System"" is helping them protect panda habitats."	最近では、「デジタルパンダシステム」のようなスマートテクノロジーが、彼らがパンダの生息地を保護するのを助けています。	like (前置詞)	help O do		
11	1	1-G-11	For example, the system can find wildfires in the deep forest from the sky.	例えば、そのシステムは空から深い森の山火事を見つけることができます。	can			
12	1	1-G-12	The success of their conservation activities gives us hope for other endangered species.	彼らの保護活動の成功は、私たちに他の絶滅危惧種への希望を与えます。	give A B			
1	2	2-H-1	The Minami High School Festival	南高校祭	(タイトル)			
2	2	2-H-2	May 10 [Sat.] - 11 [Sun.]	5月10日(土) - 11日(日)	(日付)			
3	2	2-H-3	Where do you want to go on your school trip, and why?	あなたは修学旅行でどこに行きたいですか、そしてそれはなぜですか？	疑問詞(Where/Why)	want to do		
4	2	2-H-4	What will happen during their school trip?	彼らの修学旅行中に何が起こるでしょうか？	疑問詞(What)	will		
1	2	2-1-1	On the way to Kiyomizu-dera Temple:	清水寺へ向かう途中：	(場面)			
2	2	2-1-2	Do we go up the hill?	私たちはこの丘を上るのですか？	doの疑問文	go up		
3	2	2-1-3	Yes. This way.	はい。こちらです。	(応答)			
4	2	2-1-4	This is so beautiful.	これはとても美しいです。	so (副詞)			
5	2	2-1-5	It's like traveling back in time.	まるで時間をさかのぼって旅をしているみたいです。	like (前置詞)	動名詞		
6	2	2-1-6	Look. I think that's the tower of Yasaka.	見て。あれが八坂の塔だと思う。	think (that) S V			
7	2	2-1-7	Cool!	かっこいい！	(感嘆)			
8	2	2-1-8	Later:	その後：	(場面転換)			
9	2	2-1-9	We've arrived at the top!	私たちは頂上に着きました！	現在完了形(完了)			
10	2	2-1-10	We've finally reached the famous stage of Kiyomizu-dera Temple.	私たちはついに清水寺の有名な舞台に到着しました。	現在完了形(完了)			
11	2	2-1-11	Wow, this is amazing!	うわあ、これはすごい！	(感嘆)			
12	2	2-1-12	The view is breathtaking.	この眺めは息をのむようです。	be動詞(is)			
13	2	2-1-13	You can see the whole of Kyoto from here!	ここから京都のすべてが見えますね！	can			
1	2	2-2-1	They get off the bus:	彼らはバスを降ります：	(場面)			
2	2	2-2-2	I think Kyoto Station is that way.	京都駅はあちら側だと思います。	think (that) S V			
3	2	2-2-3	Tina, have you checked your photos yet?	ティナ、もう写真は確認した？	現在完了形(完了)	yet (疑問文)		
4	2	2-2-4	No, I haven't.	いいえ、まだです。	(応答)			
5	2	2-2-5	I'll do it at the hotel.	ホテルでやります。	will (I'll)			
6	2	2-2-6	I want to share them with my family.	家族と共有したいです。	want to do	share A with B		
7	2	2-2-7	Wait a minute!	ちょっと待って！	命令文			
8	2	2-2-8	What's wrong?	どうしたの？	(口語表現)			
9	2	2-2-9	I think I left my camera on the bus.	バスにカメラを置き忘れたと思います。	think (that) S V	leave (置き忘れる)		
10	2	2-2-10	Really? Don't worry.	本当？心配しないで。	命令文(否定)			
11	2	2-2-11	I'll get it.	取ってきます。	will (I'll)			
12	2	2-2-12	Look! The bus hasn't left yet.	見て！バスはまだ出発していません。	現在完了形(完了)	yet (否定文)		
13	2	2-2-13	Go, Kota! Hurry up.	行け、コウタ！急いで。	命令文			
14	2	2-2-14	The bus is leaving.	バスが行ってしまう。	現在進行形(近未来)			
15	2	2-2-15	Kota, be careful!	コウタ、気をつけて！	be動詞の命令文			
1	2	2-3-1	Hajin: What's up with Kota?	ハジン：コウタはどうしたの？	(口語表現)			
2	2	2-3-2	Have you ever seen him like that?	彼があんな風なの、今まで見たことある？	現在完了形(経験)	ever		
3	2	2-3-3	Eri: No, never.	エリ：いいえ、一度もないわ。	(応答)			
4	2	2-3-4	He's changed recently.	彼は最近変わったわ。	現在完了形(完了)			
5	2	2-3-5	Maybe the reason is you, Tina.	たぶん理由はあなたよ、ティナ。	maybe			
6	2	2-3-6	Tina: Me?	ティナ：私？	(応答)			
7	2	2-3-7	Kota returns:	コウタが戻ってくる：	(場面)			
8	2	2-3-8	Kota: Here you are.	コウタ：はい、どうぞ。	(口語表現)			
9	2	2-3-9	Tina: You found my camera!	ティナ：私のカメラを見つけてくれたのね！	find			
10	2	2-3-10	Thank you so much.	本当にありがとう。	(感謝)			
11	2	2-3-11	So you caught up with the bus?	じゃあ、バスに追いついたの？	catch up with ~			
12	2	2-3-12	Kota: It's no big deal.	コウタ：たいしたことないよ。	(口語表現)			
13	2	2-3-13	I'm just happy you didn't lose your photos.	君が写真をなくさなくて、僕はただ嬉しいんだ。	be happy that S V			
14	2	2-3-14	Eri: Look at the sunset!	エリ：夕日を見て！	look at ~			
15	2	2-3-15	Kota: Wow. I've never seen such a beautiful sunset.	コウタ：うわあ。こんなに美しい夕日は一度も見たことがないよ。	現在完了形(経験)	never	such a ~	
1	2	2-G-1	A. Kimono Photo Shoot and Shopping Tour in Gion	A. 祇園での着物写真撮影と買い物ツアー	(コース名)			
2	2	2-G-2	B. Arashiyama and Uzumasa Tour	B. 嵐山と太秦ツアー	(コース名)			
3	2	2-G-3	C. Uji Matcha and Byodoin Temple Tour	C. 宇治抹茶と平等院ツアー	(コース名)			
4	2	2-G-4	I want to join course A because ...	私はコースAに参加したいです、なぜなら...	want to do	because		
5	2	2-G-5	As Eri said, we can ...	エリが言ったように、私たちは...できます。	As (〜のように)			
6	2	2-G-6	I agree with Kota.	私はコウタに賛成です。	agree with ~			
7	2	2-G-7	I like Kota's idea.	私はコウタの考えが好きです。				
8	2	2-G-8	My opinion is the same as Kota's.	私の意見はコウタのと同じです。	the same as ~			
9	2	2-G-9	I think Kota's idea is good.	私はコウタの考えは良いと思います。	think (that) S V			
10	2	2-G-10	I don't agree with Kota.	私はコウタに賛成しません。	don't			
11	2	2-G-11	I like Kota's idea, but...	私はコウタの考えは好きですが、しかし...	but			
12	2	2-G-12	Kota's opinion may be correct, but...	コウタの意見は正しいかもしれませんが、しかし...	may			
13	2	2-G-13	Kota's idea sounds good, but...	コウタの考えは良さそうに聞こえますが、しかし...	sound + 形容詞			
14	2	2-G-14	Kota says [said] (that) ...	コウタは〜と言います（言いました）。				
15	2	2-G-15	In Kota's opinion, ...	コウタの意見では...	In one's opinion			
16	2	2-G-16	According to Kota, ...	コウタによれば...	According to ~			
17	2	2-G-17	I've heard that...	私は〜だと聞いたことがあります。	現在完了形(経験)			
1	3	3-H-1	Lessons From Hiroshima	広島からの教訓	(タイトル)			
2	3	3-H-2	What will they learn in Hiroshima?	彼らは広島で何を学ぶのでしょうか？	疑問詞(What)	will		
3	3	3-H-3	Do you know about this monument in Hiroshima?	広島にあるこの記念碑について知っていますか？	doの疑問文	know about ~		
4	3	3-H-4	Hi, Josh! Thank you for calling.	こんにちは、ジョシュ！電話してくれてありがとう。	Thank you for -ing			
5	3	3-H-5	I'm looking forward to seeing you!	あなたに会えるのを楽しみにしています！	look forward to -ing			
6	3	3-H-6	I have ..., so I'll bring it.	私は...を持っているので、それを持って行きます。	so	will (I'll)		
1	3	3-1-1	This is the Atomic Bomb Dome.	これが原爆ドームです。	be動詞(is)			
2	3	3-1-2	The world's first atomic bomb was dropped near here at 8:15 a.m. on August 6, 1945.	世界で最初の原子爆弾が、1945年8月6日午前8時15分にこの近くに投下されました。	受動態	at (時間)	on (日付)	
3	3	3-1-3	The dome has been like this for about 80 years.	ドームは、約80年間この状態のままです。	現在完了形(継続)	for (期間)		
4	3	3-1-4	It reminds us of the horrors of the atomic bomb.	それは私たちに原子爆弾の恐ろしさを思い出させます。	remind A of B			
5	3	3-1-5	It's also a reminder of our mission to work for peace.	それはまた、平和のために働くという私たちの使命を思い出させるものでもあります。	to不定詞(形容詞的用法)			
6	3	3-1-6	Does anyone have any questions?	誰か質問はありますか？	doの疑問文			
7	3	3-1-7	How long have you been a peace volunteer?	あなたはどのくらいの間ピースボランティアをしているのですか？	現在完了形(継続)	How long ~?		
8	3	3-1-8	I've been a volunteer since 2000.	私は2000年からボランティアをしています。	現在完了形(継続)	since (起点)		
9	3	3-1-9	That's a long time!	長い時間ですね！	be動詞(is)			
1	3	3-2-1	Why did you become a volunteer?	なぜボランティアになったのですか？	疑問詞(Why)	didの疑問文		
2	3	3-2-2	When my daughter was a child, she often asked me questions about the peace monuments, but I couldn't answer.	私の娘が子供だったとき、彼女はよく平和記念碑について私に質問しましたが、私は答えることができませんでした。	when (接続詞)	ask A B	can (could)	
3	3	3-2-3	I realized that I didn't know much about the atomic bomb.	私は原子爆弾についてあまり知らないことに気づきました。	realize that S V	not much		
4	3	3-2-4	So I wanted to learn about the bombing.	だから、私はその爆撃について学びたいと思いました。	want to do			
5	3	3-2-5	I was determined to tell people, especially young people, about these tragic events.	私はこれらの悲劇的な出来事について、人々、特に若い人々に伝えようと決心していました。	be determined to do	especially		
6	3	3-2-6	Young people must learn about these events to create a better world.	若い人々は、より良い世界を創造するために、これらの出来事について学ばなければなりません。	must	to不定詞(副詞的用法)		
7	3	3-2-7	On the Shinkansen	新幹線にて	(場面)			
8	3	3-2-8	I've been thinking about our trip to Hiroshima.	私は広島への旅行についてずっと考えています。	現在完了進行形			
9	3	3-2-9	Me, too.	私もです。	(応答)			
10	3	3-2-10	What can we do to promote peace in the world?	世界の平和を促進するために、私たちは何ができますか？	can	to不定詞(副詞的用法)		
1	3	3-3-1	Kota's writing a report:	コウタはレポートを書いています：	現在進行形			
2	3	3-3-2	Our trip to Hiroshima was a valuable experience for me.	広島への私たちの旅行は、私にとって貴重な経験でした。	be動詞(was)			
3	3	3-3-3	Before our trip, our teacher told us what to see in Hiroshima: the Atomic Bomb Dome.	旅行の前、先生は私たちに広島で何を見るべきか、すなわち原爆ドームについて教えてくれました。	tell A B	間接疑問文(what to do)		
4	3	3-3-4	There I met a peace volunteer.	そこで私は一人のピースボランティアに会いました。	meet			
5	3	3-3-5	Though she wasn't a victim of the atomic bomb, she learned about the victims.	彼女は原爆の犠牲者ではありませんでしたが、犠牲者について学びました。	Though S V			
6	3	3-3-6	The survivors of the atomic bomb are getting older year by year.	原爆の生存者たちは、年々歳をとっていっています。	get + 比較級	year by year		
7	3	3-3-7	She thinks we should pass their words on to the next generation.	彼女は、私たちは彼らの言葉を次の世代に伝えるべきだと考えています。	think (that) S V	should	pass ~ on to ...	
8	3	3-3-8	From her, I learned a lot about the war and the tragic events of August 6, 1945.	彼女から、私は戦争と1945年8月6日の悲劇的な出来事について多くを学びました。	a lot			
9	3	3-3-9	She showed us how to work for world peace.	彼女は私たちに、世界平和のためにどのように働くかを示してくれました。	show A B	間接疑問文(how to do)		
10	3	3-3-10	It's important for us to learn about the past and share it with others.	私たちが過去について学び、それを他の人々と共有することは重要です。	It is ~ for A to do			
1	3	3-G-1	Peace can't be built by words alone.	平和は言葉だけでは築くことはできません。	受動態	can't (cannot)		
2	3	3-G-2	I became a peace volunteer because of my daughter's questions.	私は娘の質問がきっかけでピースボランティアになりました。	because of ~			
3	3	3-G-3	I was born and raised in Hiroshima, and I learned about the A-bombing at school.	私は広島で生まれ育ち、学校で原爆投下について学びました。	受動態	and		
4	3	3-G-4	However, when my daughter asked me some questions about it, I found that I couldn't answer in my own words.	しかし、娘がそれについていくつか質問したとき、私は自分の言葉で答えられないことに気づきました。	when (接続詞)	find that S V	can (could)	
5	3	3-G-5	I decided to learn about the A-bombing of Hiroshima again.	私は再び広島の原爆投下について学ぼうと決心しました。	decide to do			
6	3	3-G-6	I wanted to pass down my own words to younger people, such as my daughter.	私は自分の言葉を、娘のような若い人たちに伝えていきたいと思いました。	want to do	pass down ~	such as ~	
7	3	3-G-7	I am not an A-bomb survivor, so at first it was difficult for me to talk about the A-bombing without personal experience.	私は被爆者ではないので、最初は個人的な経験なしに原爆投下について話すことは難しかったです。	It is ~ for A to do	without ~		
8	3	3-G-8	Then one day I learned about Mr. Floyd Schmoe.	それからある日、私はフロイド・シュモーさんについて知りました。	one day			
9	3	3-G-9	He was an American, and he had no A-bomb experience, but he thought of the survivors and felt their pain as his own.	彼はアメリカ人で、被爆経験はありませんでしたが、生存者のことを思い、彼らの痛みを自分のものとして感じました。	think of ~	as (同様)		
10	3	3-G-10	He collected money and came to Hiroshima to help A-bomb survivors.	彼はお金を集め、被爆者を助けるために広島に来ました。	to不定詞(副詞的用法)			
11	3	3-G-11	His action became a big inspiration for me.	彼の行動は私にとって大きなインスピレーションとなりました。				
12	3	3-G-12	I have been learning from him and acting as a peace volunteer since then.	それ以来、私は彼から学び、ピースボランティアとして活動しています。	現在完了進行形	since then		
13	3	3-G-13	"I'd like to introduce his words to you -- ""Peace can't be built by words alone. Action must be taken.”"	彼の言葉をあなたに紹介したいと思います――「平和は言葉だけでは築けない。行動が起こされなければならない」。	I'd like to do	受動態(must)		
1	3A	AG-1	The dome has been like this for about 80 years.	ドームは約80年間この状態です。	現在完了形(継続)	for(期間)		
2	3A	AG-2	Look! The bus hasn't left yet.	見て！バスはまだ出発していません。	現在完了形(完了)	yet(否定文)		
3	3A	AG-3	I've never seen such a beautiful sunset.	私はこんなに美しい夕日を一度も見たことがありません。	現在完了形(経験)	never	such a ~	
4	3A	AG-4	I've been thinking about our trip to Hiroshima.	私は広島への旅行についてずっと考えています。	現在完了進行形			
5	3A	AG-5	I have seen this movie twice.	私はこの映画を2回見たことがあります。	現在完了形(経験)	twice		
6	3A	AG-6	Have you ever seen that movie?	あなたはその映画を今までに見たことがありますか？	現在完了形(経験)	ever		
7	3A	AG-7	Yes, I have. / No, I haven't. / No, never.	はい、あります。／いいえ、ありません。／いいえ、一度もありません。	(応答)			
8	3A	AG-8	I have never seen that movie.	私はその映画を一度も見たことがありません。	現在完了形(経験)	never		
9	3A	AG-9	Kota has known Eri for 12 years.	コウタはエリと12年間知り合いです。	現在完了形(継続)	for(期間)		
10	3A	AG-10	How long has Kota known Eri?	コウタはどのくらいの間エリと知り合いですか？	現在完了形(継続)	How long ~?		
11	3A	AG-11	For 12 years. / Since he was three.	12年間です。／彼が3歳の時から。	for(期間)	since(起点)		
12	3A	AG-12	It has been raining for three days.	3日間ずっと雨が降っています。	現在完了進行形	for(期間)		
13	3A	AG-13	How long has it been raining?	どのくらいの間雨が降っていますか？	現在完了進行形	How long ~?		
14	3A	AG-14	For three days. / Since yesterday morning.	3日間です。／昨日の朝から。	for(期間)	since(起点)		
15	3A	AG-15	I have already finished my English homework.	私はすでに英語の宿題を終えました。	現在完了形(完了)	already		
16	3A	AG-16	Have you finished your math homework yet?	あなたはもう数学の宿題を終えましたか？	現在完了形(完了)	yet(疑問文)		
17	3A	AG-17	Yes, I have. / No, I haven't. / No, not yet.	はい、終えました。／いいえ、まだです。／いいえ、まだです。	(応答)			
18	3A	AG-18	I have not finished my math homework yet.	私はまだ数学の宿題を終えていません。	現在完了形(完了)	not yet		
19	3A	AG-19	Tina left her camera on the bus yesterday.	ティナは昨日バスにカメラを置き忘れました。	過去形			
20	3A	AG-20	Tina has left her camera on the bus.	ティナはバスにカメラを置き忘れてしまいました。（そして今もない）	現在完了形(結果)			
1	3A	LR1-1	On the morning of July 17, 1940, Sugihara Chiune was in his house in Kaunas, Lithuania.	1940年7月17日の朝、杉原千畝はリトアニアのカウナスにある彼の家にいました。	on (日付)	in (場所)		
2	3A	LR1-2	He looked outside and saw many people around his house.	彼は外を見て、家の周りに多くの人々がいるのを見ました。	and			
3	3A	LR1-3	"“Who are they?"" asked his wife, Yukiko."	「彼らは誰ですか？」と彼の妻、幸子は尋ねました。	疑問詞(Who)			
4	3A	LR1-4	"“People from Poland. They're Jewish. They escaped from the Nazis,"" he answered."	「ポーランドから来た人々です。彼らはユダヤ人です。ナチスから逃れてきたのです」と彼は答えました。	escape from ~			
5	3A	LR1-5	They asked Sugihara to issue visas.	彼らは杉原にビザを発給するように頼みました。	ask A to do B			
6	3A	LR1-6	They wanted to go to safe countries.	彼らは安全な国へ行きたがっていました。	want to do			
7	3A	LR1-7	To get there, they needed to pass through Japan.	そこへ行くために、彼らは日本を通過する必要がありました。	to不定詞(副詞的用法)	need to do	pass through ~	
8	3A	LR1-8	“I must help these people,” Sugihara thought.	「私はこの人々を助けなければならない」と杉原は思いました。	must			
9	3A	LR1-9	The next day, there were more people around his house.	次の日、彼の家の周りにはさらに多くの人々がいました。	There were ~			
10	3A	LR1-10	He asked for permission to issue visas, but it was refused by the Foreign Ministry.	彼はビザを発給する許可を求めましたが、それは外務省によって拒否されました。	ask for ~	受動態		
11	3A	LR1-11	He tried again but received the same answer.	彼は再び試みましたが、同じ答えを受け取りました。	but			
12	3A	LR1-12	After 10 days, Sugihara finally decided to help them.	10日後、杉原はついに彼らを助けることを決心しました。	decide to do			
13	3A	LR1-13	He told Yukiko that he was going to issue visas to the people.	彼は幸子に、人々にビザを発給するつもりだと伝えました。	tell O that S V	be going to do		
14	3A	LR1-14	Yukiko knew the risks, but she agreed.	幸子はその危険性を知っていましたが、彼女は同意しました。	but			
15	3A	LR1-15	“I'll support you,” she said to him.	「私があなたを支えます」と彼女は彼に言いました。	will (I'll)			
16	3A	LR1-16	"On July 29, he said to the people around his house, “You will all get your visas!"""	7月29日、彼は家の周りの人々に言いました、「あなた方は全員ビザを手に入れるでしょう！」	will			
17	3A	LR1-17	There was a short silence, then a big cry of joy.	短い沈黙があり、それから大きな歓喜の叫び声がありました。	There was ~			
1	3A	LR1-18	For the next 30 days, Sugihara wrote visas day and night.	次の30日間、杉原は昼も夜もビザを書き続けました。	day and night			
2	3A	LR1-19	He saw each family and wrote their names by hand.	彼はそれぞれの家族に会い、彼らの名前を手で書きました。	by hand			
3	3A	LR1-20	"He smiled and said, ""The world is like a big wheel."	彼は微笑んで言いました、「世界は大きな車輪のようなものだ。	like (前置詞)			
4	3A	LR1-21	We're all connected.	我々は皆つながっている。	受動態			
5	3A	LR1-22	We shouldn't fight each other.	互いに争うべきではない。	shouldn't	each other		
6	3A	LR1-23	We should join hands.	手を取り合うべきだ。	should	join hands		
7	3A	LR1-24	"Take care and good luck!"""	気をつけて、幸運を！」	命令文			
8	3A	LR1-25	"On August 27, he received a telegram from the Ministry, ""Close the office now and go to Berlin."""	8月27日、彼は省から電報を受け取りました、「今すぐオフィスを閉鎖し、ベルリンへ行け」。	命令文			
9	3A	LR1-26	On September 4, Sugihara and his family had to leave for Berlin.	9月4日、杉原と彼の家族はベルリンへ出発しなければなりませんでした。	have to do			
10	3A	LR1-27	Some people followed them to the platform.	何人かの人々がプラットフォームまで彼らについてきました。				
11	3A	LR1-28	He continued to write visas even as he got on the train.	彼は電車に乗るときでさえ、ビザを書き続けました。	continue to do	even as ~	get on ~	
12	3A	LR1-29	He handed them out through the window.	彼は窓からそれらを手渡しました。	hand out ~			
13	3A	LR1-30	The bell rang and the train started to move.	ベルが鳴り、電車が動き始めました。	start to do			
14	3A	LR1-31	"With tears in his eyes, Sugihara said, ""I cannot write anymore."	目に涙を浮かべながら、杉原は言いました、「もう書けません。	with A in B	cannot ~ anymore		
15	3A	LR1-32	Forgive me.	許してください。	命令文			
16	3A	LR1-33	"I will pray for your safety."""	あなた方の安全を祈ります」。	will			
17	3A	LR1-34	"One of them cried, ""Thank you, Mr. Sugihara."	彼らの一人が叫びました、「ありがとう、杉原さん。	One of ~			
18	3A	LR1-35	"We will never forget you."""	私たちは決してあなたを忘れません」。	will never ~			
19	3A	LR1-36	The war ended in 1945.	戦争は1945年に終わりました。				
20	3A	LR1-37	Sugihara returned to Japan and started working as a trader.	杉原は日本に戻り、貿易商として働き始めました。	start -ing			
21	3A	LR1-38	Years later, in 1968, he received a phone call.	数年後の1968年、彼は一本の電話を受けました。				
22	3A	LR1-39	It was from Mr. Nishri, an Israeli diplomat.	それはイスラエルの外交官、ニシュリ氏からでした。				
23	3A	LR1-40	Mr. Nishri met Sugihara and took out an old piece of paper.	ニシュリ氏は杉原に会い、古い一枚の紙を取り出しました。	take out ~	a piece of ~		
24	3A	LR1-41	It was a Sugihara visa.	それは杉原のビザでした。				
25	3A	LR1-42	You won't remember me, but I have never forgotten you, he said.	「あなたは私を覚えていないでしょうが、私はあなたを決して忘れたことはありません」と彼は言いました。	won't (will not)	現在完了形(経験)		
26	3A	LR1-43	Sugihara issued 2,139 visas to Jewish people in Lithuania.	杉原はリトアニアでユダヤの人々に2,139通のビザを発給しました。				
27	3A	LR1-44	His actions saved more than 6,000 lives in total.	彼の行動は、合計で6,000以上の命を救いました。	more than ~			
1	3A	YC-1	We need school uniforms.	私たちには制服が必要です。				
2	3A	YC-2	Hi. I'm Tamara. I'm a junior high school student in the U.S.	こんにちは。タマラです。私はアメリカの中学生です。	be動詞(am)			
3	3A	YC-3	I've seen Japanese school uniforms on the internet.	私はインターネットで日本の制服を見たことがあります。	現在完了形(経験)			
4	3A	YC-4	They're really cute!	それらは本当にかわいいです！	be動詞(are)			
5	3A	YC-5	I want a uniform like that for my school life.	私は学校生活のためにそのような制服が欲しいです。				
6	3A	YC-6	They're convenient to wear every day.	それらは毎日着るのに便利です。	to不定詞(副詞的用法)			
7	3A	YC-7	They save time, too.	それらは時間も節約してくれます。	too			
8	3A	YC-8	Sometimes I like to choose my own clothes, but I think it's better for all of us to wear uniforms at school.	時々私は自分の服を選ぶのが好きですが、学校では私たち全員が制服を着る方が良いと思います。	like to do	It is ~ for A to do B		
9	3A	YC-9	It's an attractive idea.	それは魅力的な考えです。	be動詞(is)			
10	3A	YC-10	What do you think?	あなたはどう思いますか？	(意見を求める表現)			
11	3A	YC-11	We need nap time.	私たちには昼寝の時間が必要です。				
12	3A	YC-12	Hi. I'm Koji. I moved to Taiwan when I was ten years old.	こんにちは。コウジです。私は10歳の時に台湾に引っ越しました。	when (接続詞)			
13	3A	YC-13	I've been here since then.	私はそれ以来ずっとここにいます。	現在完了形(継続)	since then		
14	3A	YC-14	I've found some differences between schools in Taiwan and schools in Japan.	私は台湾の学校と日本の学校の間にいくつか違いを見つけました。	現在完了形(結果)	between A and B		
15	3A	YC-15	For example, in Taiwan, the students have a short sleep after lunch.	例えば、台湾では生徒たちは昼食後に短い睡眠をとります。	for example			
16	3A	YC-16	They have to sleep about 15 to 20 minutes at their desk.	彼らは机で約15分から20分眠らなければなりません。	have to do			
17	3A	YC-17	"It's called “nap time."""	それは「昼寝時間」と呼ばれています。	受動態	call A B (の受動態)		
18	3A	YC-18	Our teacher tells us that nap time is important because it's really good for our health.	私たちの先生は、昼寝時間は私たちの健康に本当に良いので重要だと私たちに言います。	tell O that S V	be good for ~		
19	3A	YC-19	I agree with him.	私は彼に賛成です。	agree with ~			
20	3A	YC-20	Nap time helps me relax.	昼寝時間は私がリラックスするのを助けてくれます。	help O do			
21	3A	YC-21	I think Japanese students should have nap time after lunch, too.	日本の生徒も昼食後に昼寝時間を持つべきだと思います。	should			
22	3A	YC-22	However, some of my friends are against nap time because they want to play sports, read books, or use the internet.	しかし、私の友達の中には、スポーツをしたり、本を読んだり、インターネットを使いたかったりするので、昼寝時間に反対の人もいます。	be against ~	want to do		
23	3A	YC-23	They think they don't need nap time.	彼らは昼寝時間は必要ないと思っています。	think (that) S V			
24	3A	YC-24	What do you think?	あなたはどう思いますか？	(意見を求める表現)			
1	4	4-H-1	What happened?	何が起こりましたか？	疑問詞(What)			
2	4	4-H-2	Hurricane Maria hit Puerto Rico.	ハリケーン・マリアがプエルトリコを襲いました。				
3	4	4-H-3	He started to raise (money) for solar lamps and hand-powered washing machines.	彼は太陽光ランプと手動洗濯機のためにお金を集め始めました。	start to do	for (目的)		
4	4	4-H-4	"He received the ""President's Environmental Youth Award"" in (2019)."	彼は2019年に「大統領環境ユース賞」を受賞しました。				
5	4	4-H-5	Another hurricane hit Puerto Rico in 2022.	2022年、別のハリケーンがプエルトリコを襲いました。				
6	4	4-H-6	He restarted the project and helped (people) again.	彼はそのプロジェクトを再開し、再び人々を助けました。				
7	4	4-H-7	The Syrian civil war started in (2011).	シリア内戦は2011年に始まりました。				
8	4	4-H-8	She had to flee Syria.	彼女はシリアから逃げなければなりませんでした。	have to do (過去形)			
9	4	4-H-9	She brought her (books) with her.	彼女は本を持っていきました。				
10	4	4-H-10	She moved to a refugee camp in Jordan.	彼女はヨルダンの難民キャンプへ移りました。				
11	4	4-H-11	She started to tell adults about the importance of education.	彼女は大人たちに教育の重要性について語り始めました。	start to do	tell A about B		
12	4	4-H-12	She became the (youngest) Hoodwill Ambassador of UNICEF.	彼女はユニセフの最年少親善大使になりました。	最上級			
13	4	4-H-13	Do you use any AI devices in your daily life?	あなたは日常生活で何かAI機器を使いますか？	doの疑問文			
14	4	4-H-14	What opinion does Kota have about AI?	コウタはAIについてどのような意見を持っていますか？	疑問詞(What)	doの疑問文		
1	4	4-1-1	On a website:	ウェブサイトにて：	(場面)			
2	4	4-1-2	AI technology has made great progress lately.	AI技術は最近、大きな進歩を遂げました。	現在完了形(完了)	make progress		
3	4	4-1-3	It has become a part of our daily lives.	それは私たちの日常生活の一部になっています。	現在完了形(結果)	become C		
4	4	4-1-4	For example, internet search engines use AI technology.	例えば、インターネットの検索エンジンはAI技術を使っています。				
5	4	4-1-5	Smartphones which respond to voice commands are common these days.	音声コマンドに応答するスマートフォンは、最近では一般的です。	関係代名詞(which)			
6	4	4-1-6	Robots which automatically clean your house have become popular.	あなたの家を自動的に掃除するロボットが人気になっています。	関係代名詞(which)	現在完了形(結果)		
7	4	4-1-7	These all use AI technology.	これらはすべてAI技術を使っています。				
8	4	4-1-8	Translation software also uses AI technology.	翻訳ソフトウェアもAI技術を使っています。	also			
9	4	4-1-9	It can come up with the best translation by using AI technology.	それはAI技術を使うことによって、最良の翻訳を思いつくことができます。	can	come up with ~	by -ing	
10	4	4-1-10	It is becoming common.	それは一般的になりつつあります。	現在進行形			
11	4	4-1-11	In the near future, AI will help us communicate with people all over the world quite easily.	近い将来、AIは私たちが世界中の人々と非常に簡単にコミュニケーションをとるのを助けるでしょう。	will	help O do		
1	4	4-2-1	Today's discussion topic is AI technology for our future.	今日のディスカッションのトピックは、私たちの未来のためのAI技術です。				
2	4	4-2-2	If you can use translation software, do you still need to learn foreign languages in school?	もし翻訳ソフトが使えるなら、それでも学校で外国語を学ぶ必要はありますか？	if (接続詞)	need to do		
3	4	4-2-3	Kota's discussion group:	コウタのディスカッショングループ：	(場面)			
4	4	4-2-4	I think translation software is very useful.	私は翻訳ソフトはとても役立つと思います。	think (that) S V			
5	4	4-2-5	I have an uncle who runs a Japanese restaurant.	私には日本食レストランを経営しているおじがいます。	関係代名詞(who)			
6	4	4-2-6	He's not good at speaking English, so he uses a translation device to communicate with foreign customers.	彼（おじ）は英語を話すのが得意ではないので、外国人客とコミュニケーションをとるために翻訳機を使っています。	be good at -ing	so	to不定詞(副詞的用法)	
7	4	4-2-7	In my opinion, AI devices can help with many languages, so learning foreign languages will not be so important anymore.	私の意見では、AI機器は多くの言語を手助けできるので、外国語を学ぶことはもはやそれほど重要ではなくなるでしょう。	will not	-ing (動名詞主語)	not ~ anymore	
8	4	4-2-8	Kota has a good point, but I think learning foreign languages is still important.	コウタの言うことにも一理ありますが、私は外国語を学ぶことは依然として重要だと思います。	but	think (that) S V		
9	4	4-2-9	I don't always want to rely on a machine to communicate with people.	私は人々とコミュニケーションをとるのに、いつも機械に頼りたいとは思いません。	部分否定(not always)	want to do		
1	4	4-3-1	Can I say something?	何か言ってもいいですか？	can I ~?			
2	4	4-3-2	Go ahead, Eri.	どうぞ、エリ。	(口語表現)			
3	4	4-3-3	I think I agree with Hajin.	私はハジンに賛成だと思います。	think (that) S V	agree with ~		
4	4	4-3-4	I also enjoy communicating in English, so I want to study more.	私も英語でコミュニケーションをとることを楽しんでいるので、もっと勉強したいです。	enjoy -ing	so	want to do	
5	4	4-3-5	How about you, Tina?	ティナ、あなたはどうですか？	How about ~?			
6	4	4-3-6	I think Kota is right.	コウタは正しいと思います。	think (that) S V			
7	4	4-3-7	Like his uncle, we'll use AI devices more, and that'll be convenient for us.	彼のおじのように、私たちはもっとAI機器を使うようになるでしょうし、それは私たちにとって便利になるでしょう。	like (前置詞)	will (we'll)		
8	4	4-3-8	On the other hand, I also agree with Hajin and Eri's opinion.	その一方で、私はハジンとエリの意見にも賛成です。	On the other hand			
9	4	4-3-9	Learning a language is a valuable experience that will help us broaden our world view.	言語を学ぶことは、私たちの世界観を広げるのに役立つ貴重な経験です。	関係代名詞(that)	-ing (動名詞主語)	help O do	
10	4	4-3-10	Learning each other's language and culture helps us get a better understanding of each other, too.	お互いの言語と文化を学ぶことは、私たちがお互いをよりよく理解するのを助けてもくれます。	-ing (動名詞主語)	help O do		
11	4	4-3-11	OK, I think everyone had valuable opinions to share.	はい、皆が共有すべき貴重な意見を持っていたと思います。	to不定詞(形容詞的用法)			
12	4	4-3-12	Thank you for sharing them.	それらを共有してくれてありがとう。	Thank you for -ing			
1	4	4-G-1	We should still learn foreign languages to speak directly with people from other countries.	私たちは他の国の人々と直接話すために、依然として外国語を学ぶべきです。	should	to不定詞(副詞的用法)		
2	4	4-G-2	I think it helps us understand each other better.	それは私たちが互いをよりよく理解するのを助けると思います。	think (that) S V	help O do		
3	4	4-G-3	I would hate to be someone who always depends on machines.	私は常に機械に頼るような人にはなりたくないです。	関係代名詞(who)	would like to do	depend on ~	
4	4	4-G-4	We students don't need to learn foreign languages anymore.	私たち生徒は、もはや外国語を学ぶ必要はありません。	need to do	not ~ anymore		
5	4	4-G-5	First, now we can communicate with AI tools which translate various languages.	第一に、今や私たちは様々な言語を翻訳するAIツールでコミュニケーションがとれます。	can	関係代名詞(which)		
6	4	4-G-6	Second, there are already too many things for us to learn.	第二に、私たちが学ぶべきことがすでに多すぎます。	too ~ to ... (It is for A to do Bの変形)			
7	4	4-G-7	Learning English takes too much time.	英語を学ぶことは時間がかかりすぎます。	-ing (動名詞主語)	take time		
8	4	4-G-8	In my country, students need more free time.	私の国では、生徒はもっと自由な時間が必要です。	need			
9	4	4-G-9	I've been learning English for five years.	私は5年間英語を学んでいます。	現在完了進行形	for(期間)		
10	4	4-G-10	It's a valuable experience for me because it made me more positive toward people who have different cultures.	それは私にとって貴重な経験です、なぜならそれは私を異なる文化を持つ人々に対してより前向きにしてくれたからです。	make O C			
11	4	4-G-11	On the other hand, I'm not sure it's necessary for everyone.	その一方で、それが全ての人にとって必要かどうかはわかりません。	be not sure (that) S V			
12	4	4-G-12	Not all of us are interested in learning languages.	私たちの全員が言語を学ぶことに興味があるわけではありません。	部分否定(not all)	be interested in ~		
13	4	4-G-13	Sometimes it may be better for us to enjoy speaking with AI tools.	時にはAIツールで話すのを楽しむ方が私たちにとって良いかもしれません。	It may be ~ for A to do B			
14	4	4-G-14	Learning foreign languages is not just for communication.	外国語を学ぶことは、ただコミュニケーションのためだけではありません。	not just ~			
15	4	4-G-15	It helps us understand our own language and culture better, so we should keep learning them.	それは私たちが自分自身の言語と文化をよりよく理解するのを助けるので、私たちはそれらを学び続けるべきです。	so	should	keep -ing	
16	4	4-G-16	"I remember the famous words of Goethe: ""Those who know nothing of foreign languages know nothing of their own."""	私はゲーテの有名な言葉を覚えています。「外国語について何も知らない者は、自国語についても何も知らない」。	those who ~	know nothing of ~		
1	4A	LR2-1	"When you hear the word ""robot,"" what kind of robot do you imagine?"	あなたが「ロボット」という言葉を聞くとき、どんな種類のロボットを想像しますか？	when (接続詞)	what kind of ~?		
2	4A	LR2-2	"Some people think of anime characters, some people think of human-like robots that talk to people, 
and some people think of home cleaning robots."	"アニメのキャラクターを思い浮かべる人もいれば、人と話す人間のようなロボットを思い浮かべる人もいれば、
家庭用掃除ロボットを思い浮かべる人もいます。"	Some ..., some ..., and some ...	think of ~	関係代名詞(that)	
3	4A	LR2-3	Scientists are continuing to invent more and more robots.	科学者たちはますます多くのロボットを発明し続けています。	continue to do	more and more		
4	4A	LR2-4	What kind of robots have they created?	彼らはどんな種類のロボットを創り出してきたのでしょうか？	現在完了形(結果)	what kind of ~?		
5	4A	LR2-5	Let's look at some examples and think about the relationship between humans and robots.	いくつかの例を見て、人間とロボットの関係について考えてみましょう。	Let's do	look at ~		
6	4A	LR2-6	"This is ""HAL,"" a robot suit. It's a cyborg-type robot."	これはロボットスーツ「HAL」です。それはサイボーグ型のロボットです。				
7	4A	LR2-7	HAL doesn't do anything by itself, but it helps people carry heavy things and protects them from injury.	HALはそれ自体では何もしませんが、人々が重いものを運ぶのを助け、怪我から彼らを守ります。	by itself	help O do		
8	4A	LR2-8	HAL is used in care facilities.	HALは介護施設で使われています。	受動態			
9	4A	LR2-9	It supports people who work there.	それはそこで働く人々をサポートします。	関係代名詞(who)			
10	4A	LR2-10	It helps them transfer elderly people.	それは彼らが年配の人々を移すのを助けます。	help O do (to省略)			
11	4A	LR2-11	Elderly people can use HAL, too.	年配の人々もHALを使うことができます。	can			
12	4A	LR2-12	It helps them move their body.	それは彼らが体を動かすのを助けます。	help O do (to省略)			
13	4A	LR2-13	In addition, it improves and maintains their physical functions.	加えて、それは彼らの身体機能を改善し、維持します。	In addition			
14	4A	LR2-14	HAL can widen our possibilities.	HALは私たちの可能性を広げることができます。	can			
15	4A	LR2-15	"Orihime is an ""avatar"" robot."	オリヒメは「アバター」ロボットです。				
16	4A	LR2-16	Avatar means something that represents you in the virtual world.	アバターとは、仮想世界であなたを表現する何かを意味します。	関係代名詞(that)			
17	4A	LR2-17	This robot can represent you and communicate with people in the real world.	このロボットはあなたを表現し、現実世界の人々とコミュニケーションをとることができます。	can			
18	4A	LR2-18	One of the first OriHime users was Mr. Nagahiro Masato.	最初のオリヒメユーザーの一人は、ナガヒロ・マサトさんでした。	One of ~			
19	4A	LR2-19	He was a 25-year-old man who had a serious illness.	彼は深刻な病気を患っていた25歳の男性でした。	関係代名詞(who)			
20	4A	LR2-20	He didn't have a job before because he could not move his body.	彼は体を動かすことができなかったので、以前は仕事がありませんでした。	because	can (could)		
21	4A	LR2-21	Then OriHime let him work at a cafe.	そこでオリヒメは彼がカフェで働くことを可能にしました。	let O do			
22	4A	LR2-22	Orihime worked as his avatar.	オリヒメは彼のアバターとして働きました。				
23	4A	LR2-23	Mr. Nagahiro controlled the robot with small movements of his fingers at home.	ナガヒロさんは家で、指のわずかな動きでロボットを操作しました。				
24	4A	LR2-24	He watched a live video that was sent from the robot's eyes, and he talked through a microphone.	彼はロボットの目から送られてくるライブ映像を見ながら、マイクを通して話しました。	関係代名詞(that)	受動態		
25	4A	LR2-25	That way, he was able to serve customers who came to the cafe.	そうすることで、彼はカフェに来た客に給仕することができました。	be able to do	関係代名詞(who)		
26	4A	LR2-26	Thanks to Orihime, he will be able to try new things in the future.	オリヒメのおかげで、彼は将来新しいことに挑戦することができるでしょう。	Thanks to ~	be able to do (未来)		
1	4A	LR2-27	Now, look at this picture.	さて、この写真を見てください。	look at ~			
2	4A	LR2-28	This robot is called Sociable Trash Box.	このロボットは「社交的なゴミ箱」と呼ばれています。	受動態	call A B (の受動態)		
3	4A	LR2-29	What does it do? Can you guess?	それは何をするのでしょうか？推測できますか？	doの疑問文	can		
4	4A	LR2-30	This robot finds trash on the floor, but it can't pick it up.	このロボットは床のゴミを見つけますが、それを拾うことはできません。	but	can't	pick ~ up	
5	4A	LR2-31	This robot needs somebody to help it.	このロボットはそれを助けてくれる誰かを必要としています。	to不定詞(形容詞的用法)			
6	4A	LR2-32	You may think it is useless or helpless, but you notice something interesting.	あなたはそれが役に立たない、あるいは無力だと思うかもしれませんが、何か面白いことに気づきます。	may	something + 形容詞		
7	4A	LR2-33	When this robot calls for help, people come to it and pick up the trash happily.	このロボットが助けを求めると、人々がそれに寄ってきて、楽しそうにゴミを拾います。	when (接続詞)	call for ~	pick ~ up	
8	4A	LR2-34	They enjoy helping the robot.	彼らはそのロボットを助けることを楽しみます。	enjoy -ing			
9	4A	LR2-35	It makes people smile.	それは人々を笑顔にします。	make O do			
10	4A	LR2-36	The person who developed this robot wanted people to recognize the value of cooperation.	このロボットを開発した人は、人々に協力の価値を認識してほしかったのです。	関係代名詞(who)	want A to do B		
11	4A	LR2-37	We may expect robots to be perfect, but Sociable Trash Box is made to be imperfect.	私たちはロボットが完璧であることを期待するかもしれませんが、「社交的なゴミ箱」は不完全であるように作られています。	expect A to be B	be made to do		
12	4A	LR2-38	When people help it, they understand the importance of being imperfect and the need to help each other.	人々がそれを助けるとき、彼らは不完全であることの重要性と、互いに助け合う必要性を理解します。	when (接続詞)	to不定詞(形容詞的用法)		
13	4A	LR2-39	What kind of robot would you like to have?	あなたはどんな種類のロボットが欲しいですか？	would like to do	what kind of ~?		
14	4A	LR2-40	What kind of relationships do you want to have with robots?	あなたはロボットとどんな関係を持ちたいですか？	want to do			
15	4A	LR2-41	Do you think it is okay if robots are imperfect?	もしロボットが不完全でも構わないと思いますか？	think (that) S V	if (接続詞)		
16	4A	LR2-42	They might help us learn to cooperate and be kind to others.	それらは私たちが協力し、他者に親切にすることを学ぶのを助けてくれるかもしれません。	might	help O do		
17	4A	LR2-43	We are already living with robots, so it is important and fun to think about these questions.	私たちはすでにロボットと共に生きており、だからこれらの問いについて考えることは重要で楽しいのです。	It is ~ to do ...			
1	5	5-H-1	Candy Apples	りんご飴	(タイトル)			
2	5	5-H-2	They look delicious!	それらは美味しそうに見えます！	look + 形容詞			
3	5	5-H-3	Could you tell me how to make them?	それらの作り方を教えていただけますか？	Could you ~?	間接疑問文(how to do)	tell A B	
4	5	5-H-4	Thank you! Here is my recipe.	ありがとう！これが私のレシピです。	Here is ~			
5	5	5-H-5	You will need ...	あなたが必要なものは…	will			
6	5	5-H-6	12 apples, 12 sticks, 3 cups of sugar, a half cup of corn syrup, 1 cup of water, toppings, red food coloring	りんご12個、棒12本、砂糖3カップ、コーンシロップ半カップ、水1カップ、トッピング、赤色の食用色素	(材料リスト)			
7	5	5-H-7	Wash the apples and remove the stems.	りんごを洗い、ヘタを取り除きます。	命令文			
8	5	5-H-8	Insert the sticks into the stem end of the apples.	棒をりんごのヘタの端に差し込みます。	命令文			
9	5	5-H-9	Make the sugar syrup: stir the sugar, corn syrup, and water together in a pot or a deep pan.	シュガーシロップを作ります：鍋か深いフライパンで砂糖、コーンシロップ、水を一緒にかき混ぜます。	命令文			
10	5	5-H-10	Boil the sugar syrup until it becomes thick.	シュガーシロップがとろみがつくまで煮詰めます。	命令文	until (接続詞)		
11	5	5-H-11	Color by adding a few drops of food coloring.	食用色素を数滴加えて色をつけます。	命令文	by -ing		
12	5	5-H-12	Dip the apples in the sugar syrup.	りんごをシュガーシロップに浸します。	命令文			
13	5	5-H-13	Roll the apples in the toppings and cool the apples on a baking sheet.	りんごをトッピングで転がし、ベーキングシートの上で冷まします。	命令文			
14	5	5-H-14	Do you have any dreams for the future?	あなたは将来の夢はありますか？	doの疑問文			
15	5	5-H-15	What's Kota's dream for the future?	コウタの将来の夢は何ですか？	疑問詞(What)			
